figaro;01/01/2018;benalla nu
liberation;01/10/2018;benalla court
figaro;01/01/2018;benalla rit
liberation;01/10/2018;benalla pleure
liberation;01/10/2018;benalla vie
figaro;01/01/2018;benalla mange
liberation;01/10/2018;benalla saute
liberation;01/10/2018;benalla calcule
figaro;01/01/2018;benalla tire
liberation;01/10/2018;benalla pense
liberation;01/10/2018;benalla pleure
liberation;01/10/2018;benalla vie
figaro;01/01/2018;benalla mange
liberation;01/10/2018;benalla saute
liberation;01/10/2018;benalla calcule
figaro;01/01/2018;benalla tire
liberation;01/10/2018;benalla pense